Player,Pos,MP,Min,Mn/MP,Player_ID,Calculated_Mn_MP,Mn_MP_Difference
Brandon Mechele,DF,6,570.0,95.0,0a6dbbf7,95.0,0.0
Ladislav Krejčí,DF,3,270.0,90.0,5b5c2228,90.0,0.0
Grant Hanley,DF,2,180.0,90.0,e9254eec,90.0,0.0
Abdallah Nasib,DF,3,260.0,87.0,aaab3072,86.66666666666667,0.3333333333333286
Pau Cubarsí,DF,8,750.0,94.0,cc7888f3,93.75,0.25
Ricardo Adé,DF,3,270.0,90.0,a9ee5e81,90.0,0.0
Jack Hendry,DF,3,270.0,90.0,ffed43e3,90.0,0.0
Ali Lajami,DF,3,149.0,50.0,46f7ab4f,49.666666666666664,0.3333333333333357
Gabriel Magalhães,DF,5,450.0,90.0,67ac5bb8,90.0,0.0
Rafik Belghali,DF,4,331.0,83.0,0abcb968,82.75,0.25
Husam Abu Dahab,DF,2,178.0,89.0,300aaeb6,89.0,0.0
Joško Gvardiol,DF,4,139.0,35.0,5ad50391,34.75,0.25
Liberato Cacace,DF,3,220.0,73.0,dd86e8e4,73.33333333333333,0.3333333333333286
Noussair Mazraoui,DF,6,477.0,80.0,b74277a0,79.5,0.5
Torbjørn Heggem,DF,5,443.0,89.0,834fea76,88.6,0.4000000000000057
Juan Cáceres,DF,5,436.0,87.0,db887bdf,87.2,0.20000000000000284
Tomáš Holeš,DF,2,153.0,77.0,e03c2d97,76.5,0.5
Gonzalo Montiel,DF,6,192.0,32.0,374d5158,32.0,0.0
Anass Salah-Eddine,DF,4,212.0,53.0,0d274394,53.0,0.0
Shoja' Khalilzadeh,DF,3,270.0,90.0,0aed29f1,90.0,0.0
Ramy Rabia,DF,5,372.0,74.0,e32afa36,74.4,0.4000000000000057
Rebin Sulaka,DF,2,43.0,22.0,928bec06,21.5,0.5
Antonio Rüdiger,DF,4,262.0,66.0,18b896d6,65.5,0.5
Tomás Araújo,DF,1,90.0,90.0,0fa11d7d,90.0,0.0
Sead Kolašinac,DF,4,337.0,84.0,3935e52e,84.25,0.25
Pico,DF,4,390.0,98.0,faef0f92,97.5,0.5
Saud Abdulhamid,DF,3,269.0,90.0,caa254e4,89.66666666666667,0.3333333333333286
Lucas Digne,DF,6,463.0,77.0,1b84dbe1,77.16666666666667,0.1666666666666714
Félix Torres Caicedo,DF,1,6.0,6.0,c0a8860f,6.0,0.0
Mohamed Amine Ben Hamida,DF,3,202.0,67.0,2a5e8f82,67.33333333333333,0.3333333333333286
Steve Kapuadi,DF,2,180.0,90.0,3f3c941a,90.0,0.0
Axel Tuanzebe,DF,4,360.0,90.0,2baec6ce,90.0,0.0
Mathías Olivera,DF,3,270.0,90.0,41c12f75,90.0,0.0
Nathaniel Brown,DF,3,282.0,94.0,abc79c47,94.0,0.0
David Alaba,DF,4,275.0,69.0,05439de2,68.75,0.25
Shogo Taniguchi,DF,3,232.0,77.0,828a9c47,77.33333333333333,0.3333333333333286
Issa Diop,DF,5,476.0,95.0,a712ca2b,95.2,0.20000000000000284
Alan Franco,DF,4,251.0,63.0,c76b161b,62.75,0.25
Yazan Al-Arab,DF,3,270.0,90.0,32878a09,90.0,0.0
Eray Cömert,DF,1,31.0,31.0,15937e17,31.0,0.0
Marco Friedl,DF,1,24.0,24.0,f86ad3f5,24.0,0.0
El Hadji Malick Diouf,DF,3,171.0,57.0,bd5eb2e5,57.0,0.0
Davinson Sánchez,DF,5,480.0,96.0,da7b447d,96.0,0.0
Jorrel Hato,DF,1,35.0,35.0,bde35051,35.0,0.0
Mohannad Abu Taha,DF,3,264.0,88.0,5c4bac6c,88.0,0.0
Nahuel Molina,DF,7,528.0,75.0,23610943,75.42857142857143,0.4285714285714306
Takehiro Tomiyasu,DF,3,184.0,61.0,b3af9be1,61.333333333333336,0.3333333333333357
Merchas Doski,DF,3,270.0,90.0,fdf4cfe5,90.0,0.0
Gustavo Velásquez,DF,5,246.0,49.0,b99b4cf5,49.2,0.20000000000000284
Tim Ream,DF,4,360.0,90.0,28b40c9c,90.0,0.0
Kojo Peprah Oppong,DF,2,49.0,25.0,37a6fdb3,24.5,0.5
Virgil van Dijk,DF,4,390.0,98.0,e06683ca,97.5,0.5
Kevin Danso,DF,4,241.0,60.0,6e33125f,60.25,0.25
Callan Elliot,DF,1,13.0,13.0,9d6968a3,13.0,0.0
Johan Mojica,DF,4,390.0,98.0,608f2092,97.5,0.5
Omar Rekik,DF,2,180.0,90.0,e69e0f7b,90.0,0.0
Tim Payne,DF,3,224.0,75.0,4e86877c,74.66666666666667,0.3333333333333286
Dennis Hadžikadunić,DF,1,27.0,27.0,82cfae2a,27.0,0.0
Denis Zakaria,DF,4,357.0,89.0,384d58d9,89.25,0.25
Steven Moreira,DF,4,301.0,75.0,f10983ae,75.25,0.25
Marc Pubill,DF,1,1.0,1.0,365113c0,1.0,0.0
John Stones,DF,5,330.0,66.0,5eecec3d,66.0,0.0
Jerome Opoku,DF,3,270.0,90.0,091d6ee5,90.0,0.0
Miles Robinson,DF,1,90.0,90.0,782a95d9,90.0,0.0
Ousmane Diomande,DF,1,90.0,90.0,394be156,90.0,0.0
Mbekezeli Mbokazi,DF,4,360.0,90.0,13398d42,90.0,0.0
Derek Cornelius,DF,4,315.0,79.0,577744b8,78.75,0.25
Juriën Gaari,DF,2,166.0,83.0,bf7a9d1a,83.0,0.0
Mohammad Abu Hasheesh,DF,1,6.0,6.0,72c2fa7a,6.0,0.0
Scott McKenna,DF,1,90.0,90.0,4e5a4cbc,90.0,0.0
Abdülkerim Bardakcı,DF,3,265.0,88.0,5d9cff53,88.33333333333333,0.3333333333333286
Andrés Andrade Cedeño,DF,3,270.0,90.0,6ea23758,90.0,0.0
Alidu Seidu,DF,1,78.0,78.0,cea59f02,78.0,0.0
Pathé Ciss,DF,4,184.0,46.0,9a0408b6,46.0,0.0
Saed Al-Rosan,DF,1,10.0,10.0,f3115445,10.0,0.0
Saleh Hardani,DF,2,90.0,45.0,3a9b682b,45.0,0.0
Ismail Jakobs,DF,3,219.0,73.0,a0415710,73.0,0.0
Chadi Riad,DF,4,344.0,86.0,b3b9b8b8,86.0,0.0
Ali Nemati,DF,3,270.0,90.0,19a221f7,90.0,0.0
Junnosuke Suzuki,DF,2,43.0,22.0,77428b1e,21.5,0.5
Jhon Lucumí,DF,5,478.0,96.0,80490d7f,95.6,0.4000000000000057
João Paulo Fernandes,DF,2,105.0,53.0,afcac9da,52.5,0.5
Nico Elvedi,DF,6,600.0,100.0,48035304,100.0,0.0
Luc De Fougerolles,DF,5,372.0,74.0,45c427ff,74.4,0.4000000000000057
Moteb Al-Harbi,DF,3,188.0,63.0,1d88554c,62.666666666666664,0.3333333333333357
Alexandro Maidana,DF,2,55.0,28.0,4d0d5020,27.5,0.5
Joshua Kimmich,DF,4,351.0,88.0,49296448,87.75,0.25
Hussein Ali,DF,2,162.0,81.0,b8a919ad,81.0,0.0
Boualem Khoukhi,DF,3,270.0,90.0,7be5ad52,90.0,0.0
Guéla Doué,DF,4,277.0,69.0,b4ef3fb5,69.25,0.25
Jorge Sánchez,DF,4,348.0,87.0,c8d1c3a5,87.0,0.0
Piero Hincapié,DF,4,339.0,85.0,0c7a48f8,84.75,0.25
Krépin Diatta,DF,4,390.0,98.0,8104e41e,97.5,0.5
Manuel Akanji,DF,6,600.0,100.0,89ac64a6,100.0,0.0
Jonas Adjetey,DF,3,225.0,75.0,bdbf78cd,75.0,0.0
Derrick Luckassen,DF,2,180.0,90.0,30a09cb5,90.0,0.0
Julian Ryerson,DF,4,223.0,56.0,009a4f60,55.75,0.25
Gustavo Gómez,DF,5,480.0,96.0,d5ce52a5,96.0,0.0
Hannes Delcroix,DF,3,270.0,90.0,b737f944,90.0,0.0
Stjepan Radeljić,DF,2,180.0,90.0,30e03a25,90.0,0.0
Nawaf Boushal,DF,2,91.0,46.0,7dc1c2c6,45.5,0.5
Nathan Aké,DF,3,170.0,57.0,eaeca114,56.666666666666664,0.3333333333333357
Robin Hranáč,DF,3,270.0,90.0,95d5aea2,90.0,0.0
Kalidou Koulibaly,DF,2,161.0,81.0,da974c7b,80.5,0.5
Jakhongir Urozov,DF,2,95.0,48.0,71210bed,47.5,0.5
Amar Dedić,DF,3,270.0,90.0,bc6e544a,90.0,0.0
Redouane Halhal,DF,2,180.0,90.0,e17c2cec,90.0,0.0
Merih Demiral,DF,2,180.0,90.0,e3cceee6,90.0,0.0
Riechedly Bazoer,DF,1,90.0,90.0,da59a197,90.0,0.0
Mark McKenzie,DF,1,90.0,90.0,a5f5d094,90.0,0.0
Maxence Lacroix,DF,3,241.0,80.0,277c49ed,80.33333333333333,0.3333333333333286
Anthony Ralston,DF,2,11.0,6.0,56208b05,5.5,0.5
Luka Vušković,DF,1,65.0,65.0,fd6bdbce,65.0,0.0
Omar Alderete,DF,4,320.0,80.0,bb08bce9,80.0,0.0
Silvan Widmer,DF,5,175.0,35.0,f68b64fc,35.0,0.0
Lee Gi-hyuk,DF,3,270.0,90.0,18c8c3c7,90.0,0.0
Ferdi Kadioglu,DF,2,159.0,80.0,66c52a77,79.5,0.5
Guillermo Varela,DF,3,270.0,90.0,5c961282,90.0,0.0
Henrik Falchener,DF,1,65.0,65.0,57fe6b9b,65.0,0.0
Nico Schlotterbeck,DF,2,135.0,68.0,34e12499,67.5,0.5
Aïssa Mandi,DF,4,360.0,90.0,fbd6378b,90.0,0.0
Armando Obispo,DF,3,270.0,90.0,2ffa6348,90.0,0.0
Abdoulaye Seck,DF,1,57.0,57.0,f07a0fe5,57.0,0.0
Renato Veiga,DF,5,450.0,90.0,fc8fcbd1,90.0,0.0
Hossein Kanaanizadegan,DF,2,135.0,68.0,24353c25,67.5,0.5
Ró-Ró,DF,3,270.0,90.0,8735fe66,90.0,0.0
Alessandro Circati,DF,4,390.0,98.0,1223765c,97.5,0.5
Juan Manuel Sanabria,DF,3,204.0,68.0,f1d74479,68.0,0.0
Yan Valery,DF,3,251.0,84.0,531a4aa8,83.66666666666667,0.3333333333333286
César Montes,DF,4,314.0,79.0,28e957d7,78.5,0.5
Çağlar Söyüncü,DF,1,7.0,7.0,21166ff4,7.0,0.0
Ko Itakura,DF,2,128.0,64.0,97d545ae,64.0,0.0
Michael Boxall,DF,3,207.0,69.0,6bfa0d3a,69.0,0.0
David Møller Wolfe,DF,5,430.0,86.0,9affc5f2,86.0,0.0
Lisandro Martínez,DF,7,624.0,89.0,bac46a10,89.14285714285714,0.1428571428571388
Gideon Mensah,DF,4,360.0,90.0,9bdd8118,90.0,0.0
Mohamed Hany,DF,5,480.0,96.0,9bcf1513,96.0,0.0
Douglas Santos,DF,5,441.0,88.0,c50e5bba,88.2,0.20000000000000284
Jan Paul van Hecke,DF,4,390.0,98.0,4fd08daa,97.5,0.5
Arthur Theate,DF,3,228.0,76.0,df8d6029,76.0,0.0
Nicolás Tagliafico,DF,7,476.0,68.0,f0661424,68.0,0.0
Dayot Upamecano,DF,8,660.0,83.0,d248cd8f,82.5,0.5
Facundo Medina,DF,5,308.0,62.0,6f5ec8bb,61.6,0.3999999999999986
Nuno Mendes,DF,5,395.0,79.0,f20e4cc9,79.0,0.0
Ali Abdi,DF,3,269.0,90.0,ad7cdb35,89.66666666666667,0.3333333333333286
Akam Hashim,DF,3,270.0,90.0,f8416e89,90.0,0.0
Ghislain Konan,DF,3,269.0,90.0,6b2c894b,89.66666666666667,0.3333333333333286
Lucas Mendes,DF,1,4.0,4.0,5169f27f,4.0,0.0
Theo Hernández,DF,5,257.0,51.0,d4c9725f,51.4,0.3999999999999986
Nathan Patterson,DF,3,185.0,62.0,230f0471,61.666666666666664,0.3333333333333357
Mikel Merino,MF,8,199.0,25.0,d080ed5e,24.875,0.125
Abdullah Al-Khaibari,MF,3,180.0,60.0,ab47ae1c,60.0,0.0
Dani Olmo,MF,8,491.0,61.0,ae44e8e2,61.375,0.375
Samuel Moutoussamy,MF,4,330.0,83.0,af0c835b,82.5,0.5
Nishan Velupillay,MF,2,75.0,38.0,40cb6b33,37.5,0.5
Yannick,MF,2,32.0,16.0,6246aa55,16.0,0.0
Pedro Vite,MF,4,360.0,90.0,9c146b36,90.0,0.0
Fabián Ruiz Peña,MF,8,321.0,40.0,c0c7ff58,40.125,0.125
Andrés Gómez,MF,1,1.0,1.0,76a82373,1.0,0.0
Aiden O'Neill,MF,4,360.0,90.0,c7aee75b,90.0,0.0
Trézéguet,MF,4,164.0,41.0,3ae14ed1,41.0,0.0
Remo Freuler,MF,6,592.0,99.0,98d2c2c4,98.66666666666667,0.3333333333333286
Lucas Bergvall,MF,4,181.0,45.0,a109e5c8,45.25,0.25
Sherzod Esanov,MF,1,1.0,1.0,bd6667ba,1.0,0.0
Aurélien Tchouaméni,MF,4,360.0,90.0,4f255115,90.0,0.0
Mathieu Choinière,MF,1,57.0,57.0,017459bb,57.0,0.0
Saman Ghoddos,MF,3,208.0,69.0,f7b1d4e0,69.33333333333333,0.3333333333333286
Michael Olise,MF,8,646.0,81.0,c4486bac,80.75,0.25
Caleb Yirenkyi,MF,4,264.0,66.0,d40ce7b0,66.0,0.0
Kevin De Bruyne,MF,5,382.0,76.0,e46012d4,76.4,0.4000000000000057
Hwang In-beom,MF,3,263.0,88.0,92fa5d28,87.66666666666667,0.3333333333333286
Yasin Ayari,MF,4,339.0,85.0,f173303a,84.75,0.25
Nathan Saliba,MF,3,182.0,61.0,44cfc681,60.666666666666664,0.3333333333333357
Jordy Alcivar,MF,1,45.0,45.0,6e98c19f,45.0,0.0
Mohamed Kanno,MF,3,225.0,75.0,74ccf212,75.0,0.0
Mahmoud Al-Mardi,MF,3,130.0,43.0,1eedc1ea,43.333333333333336,0.3333333333333357
Ismaël Gharbi,MF,3,127.0,42.0,5b3cfa12,42.333333333333336,0.3333333333333357
Mauricio,MF,4,173.0,43.0,bf4cbc22,43.25,0.25
Kim Jin-gyu,MF,2,52.0,26.0,7c0479b1,26.0,0.0
Dostonbek Khamdamov,MF,2,103.0,52.0,d2dd2ffb,51.5,0.5
Kevin Castaño,MF,2,16.0,8.0,c393c3d9,8.0,0.0
Vladimír Darida,MF,1,54.0,54.0,3eb0f2df,54.0,0.0
Benjamin Nygren,MF,4,130.0,33.0,d6ebf67f,32.5,0.5
Ryan Gravenberch,MF,4,345.0,86.0,b8e740fb,86.25,0.25
Rodrigo Bentancur,MF,3,270.0,90.0,3b8674e6,90.0,0.0
Leon Goretzka,MF,3,99.0,33.0,cc86b9a3,33.0,0.0
Djibril Sow,MF,4,253.0,63.0,4c6facae,63.25,0.25
Sultan Mendash,MF,1,65.0,65.0,8738a7a1,65.0,0.0
Ali Ahmed,MF,4,234.0,59.0,540a5be1,58.5,0.5
Ngal'Ayel Mukau,MF,4,195.0,49.0,bb461b8a,48.75,0.25
Otabek Shukurov,MF,3,237.0,79.0,62032a56,79.0,0.0
İsmail Yüksek,MF,2,139.0,70.0,6c5af908,69.5,0.5
Zizo,MF,4,56.0,14.0,c6415ba9,14.0,0.0
Habib Diarra,MF,3,143.0,48.0,6d0fe035,47.666666666666664,0.3333333333333357
Tyler Adams,MF,4,341.0,85.0,2b09d998,85.25,0.25
Enzo Fernández,MF,7,659.0,94.0,5ff4ab71,94.14285714285714,0.1428571428571388
Salih Özcan,MF,2,100.0,50.0,15413fa5,50.0,0.0
Ritsu Doan,MF,4,278.0,70.0,d01bbb6f,69.5,0.5
Ayyoub Bouaddi,MF,5,381.0,76.0,8006228f,76.2,0.20000000000000284
Connor Metcalfe,MF,4,315.0,79.0,73ce4d7d,78.75,0.25
Rodrigo De Paul,MF,7,491.0,70.0,162efffd,70.14285714285714,0.1428571428571388
Pedri,MF,8,499.0,62.0,0d9b2d31,62.375,0.375
Ao Tanaka,MF,3,193.0,64.0,1d36d6b6,64.33333333333333,0.3333333333333286
Ivan Bašić,MF,3,179.0,60.0,9b0a0d51,59.666666666666664,0.3333333333333357
Casemiro,MF,5,379.0,76.0,4d224fe8,75.8,0.20000000000000284
Luka Modrić,MF,4,317.0,79.0,6025fab1,79.25,0.25
Brian Gutiérrez,MF,4,198.0,50.0,d88f31db,49.5,0.5
Alexis Mac Allister,MF,8,750.0,94.0,83d074ff,93.75,0.25
Noni Madueke,MF,5,286.0,57.0,bf34eebd,57.2,0.20000000000000284
Rodri,MF,8,724.0,91.0,6434f10d,90.5,0.5
Mathew Leckie,MF,1,60.0,60.0,b93b7882,60.0,0.0
Aníbal Godoy,MF,1,1.0,1.0,2d496ca3,1.0,0.0
Nico Williams,MF,6,113.0,19.0,afdc14d7,18.833333333333332,0.16666666666666785
Damián Bobadilla,MF,4,189.0,47.0,ad7d6437,47.25,0.25
Nikola Vlašić,MF,3,189.0,63.0,aa8e289e,63.0,0.0
Dodi Lukebakio,MF,3,164.0,55.0,0c61c77c,54.666666666666664,0.3333333333333357
Nasser Al-Dawsari,MF,3,207.0,69.0,7709e4a6,69.0,0.0
Nicolás De La Cruz,MF,3,86.0,29.0,8fda5c72,28.666666666666668,0.33333333333333215
Youssef Amyn,MF,1,31.0,31.0,10c12f22,31.0,0.0
Carney Chukwuemeka,MF,3,83.0,28.0,b2f9c73e,27.666666666666668,0.33333333333333215
Azzedine Ounahi,MF,6,435.0,73.0,83299cc0,72.5,0.5
Maghnes Akliouche,MF,1,8.0,8.0,b625b241,8.0,0.0
Jackson Irvine,MF,4,223.0,56.0,4637747c,55.75,0.25
Paul Wanner,MF,4,234.0,59.0,cb64672e,58.5,0.5
Kieran Tierney,MF,2,104.0,52.0,fce2302c,52.0,0.0
Ryan Thomas,MF,3,83.0,28.0,95efdac2,27.666666666666668,0.33333333333333215
Louicius Deedson,MF,3,112.0,37.0,f7059bb1,37.333333333333336,0.3333333333333357
Eom Ji-sung,MF,2,42.0,21.0,3a049da1,21.0,0.0
Eberechi Eze,MF,5,211.0,42.0,ae4fc6a4,42.2,0.20000000000000284
Morgan Rogers,MF,7,339.0,48.0,2e5915f1,48.42857142857143,0.4285714285714306
Fares Chaïbi,MF,4,360.0,90.0,357103bd,90.0,0.0
Kenan Yıldız,MF,3,218.0,73.0,d8cda243,72.66666666666667,0.3333333333333286
Nicolás Paz,MF,2,71.0,36.0,01bb93d5,35.5,0.5
Hassan Al-Haydos,MF,2,57.0,29.0,41bd6c64,28.5,0.5
Jamiro Monteiro,MF,4,281.0,70.0,d384bddd,70.25,0.25
Daichi Kamada,MF,4,329.0,82.0,15b287da,82.25,0.25
Elliot Anderson,MF,8,632.0,79.0,de31038e,79.0,0.0
Marwan Attia,MF,5,434.0,87.0,1ea3d7ec,86.8,0.20000000000000284
Aleksandar Pavlovic,MF,4,272.0,68.0,2658c82f,68.0,0.0
Ali Jasim,MF,2,129.0,65.0,1a927a6f,64.5,0.5
Akmal Mozgovoy,MF,3,216.0,72.0,114cb95b,72.0,0.0
Richard Ríos,MF,5,140.0,28.0,72da065d,28.0,0.0
Sphephelo Sithole,MF,3,229.0,76.0,33bcd4b3,76.33333333333333,0.3333333333333286
Zidane Iqbal,MF,3,188.0,63.0,6fa3c28e,62.666666666666664,0.3333333333333357
Bara Sapoko Ndiaye,MF,1,26.0,26.0,fa080d50,26.0,0.0
Riyad Mahrez,MF,4,262.0,66.0,892d5bb1,65.5,0.5
Amer Jamous,MF,1,15.0,15.0,32d4f1e1,15.0,0.0
Houssem Aouar,MF,3,173.0,58.0,a5db0bec,57.666666666666664,0.3333333333333357
Garry Rodrigues,MF,2,76.0,38.0,149895bf,38.0,0.0
Ousmane Dembélé,MF,8,592.0,74.0,b19db005,74.0,0.0
Khalid Al Ghannam,MF,1,1.0,1.0,c16843c7,1.0,0.0
Nilson Angulo,MF,4,218.0,55.0,a9b9d89c,54.5,0.5
Nicolás González,MF,7,259.0,37.0,2374aaca,37.0,0.0
Bukayo Saka,MF,7,358.0,51.0,bc7dc64d,51.142857142857146,0.1428571428571459
Yoel Bárcenas,MF,3,249.0,83.0,b39849eb,83.0,0.0
Adrien Rabiot,MF,7,585.0,84.0,8794e251,83.57142857142857,0.4285714285714306
Jacob Shaffelburg,MF,5,92.0,18.0,339a2561,18.4,0.3999999999999986
Mohanad Lasheen,MF,4,359.0,90.0,8c041c7d,89.75,0.25
Noor Al Rawabdeh,MF,3,270.0,90.0,3bb06c86,90.0,0.0
Anis Hadj Moussa,MF,3,98.0,33.0,7bc7eef2,32.666666666666664,0.3333333333333357
Niko Sigur,MF,3,126.0,42.0,5c56986b,42.0,0.0
Lukáš Červ,MF,2,163.0,82.0,bb4a41bc,81.5,0.5
Mohammad Ghorbani,MF,1,90.0,90.0,4a078e18,90.0,0.0
Alan Minda,MF,1,55.0,55.0,9cfd5b00,55.0,0.0
Sofyan Amrabat,MF,3,147.0,49.0,5a2cb25d,49.0,0.0
Yunus Akgün,MF,2,88.0,44.0,1453e3cf,44.0,0.0
Christian Pulisic,MF,4,223.0,56.0,1bf33a9a,55.75,0.25
Paul Okon-Engstler,MF,4,197.0,49.0,ecd6464a,49.25,0.25
Saeid Ezatolahi,MF,3,264.0,88.0,314d95ac,88.0,0.0
Esmir Bajraktarevic,MF,4,230.0,58.0,dff24174,57.5,0.5
Jhon Arias,MF,5,377.0,75.0,86d96066,75.4,0.4000000000000057
Elliot Stroud,MF,4,166.0,42.0,ff11bdec,41.5,0.5
Morten Thorsby,MF,1,45.0,45.0,d1b49282,45.0,0.0
Josué Casimir,MF,3,182.0,61.0,481f76cf,60.666666666666664,0.3333333333333357
Danilo Santos,MF,4,46.0,12.0,a816dbfb,11.5,0.5
Khojiakbar Alijonov,MF,2,135.0,68.0,e53cbd7a,67.5,0.5
Kendry Páez,MF,1,12.0,12.0,f3bb9f59,12.0,0.0
Ruben Providence,MF,3,220.0,73.0,26bab383,73.33333333333333,0.3333333333333286
Assane Diao,MF,1,10.0,10.0,8ae7d0ec,10.0,0.0
Daizen Maeda,MF,3,244.0,81.0,395451fc,81.33333333333333,0.3333333333333286
Besfort Zeneli,MF,2,60.0,30.0,6be253bf,30.0,0.0
Youri Tielemans,MF,5,474.0,95.0,56f7a928,94.8,0.20000000000000284
Bernardo Silva,MF,4,97.0,24.0,3eb22ec9,24.25,0.25
Ben Old,MF,3,93.0,31.0,e14e818c,31.0,0.0
Gabriel Martinelli,MF,4,143.0,36.0,48a5a5d6,35.75,0.25
Stephen Eustáquio,MF,5,392.0,78.0,577efaec,78.4,0.4000000000000057
Samu Costa,MF,1,21.0,21.0,76c2a023,21.0,0.0
Braian Ojeda,MF,1,22.0,22.0,60953af0,22.0,0.0
Ahmed Fathy,MF,3,150.0,50.0,f2369793,50.0,0.0
Marcel Sabitzer,MF,4,360.0,90.0,e280527c,90.0,0.0
Abbosbek Fayzullayev,MF,3,220.0,73.0,ef1d36a1,73.33333333333333,0.3333333333333286
Pape Matar Sarr,MF,2,67.0,34.0,feb5d972,33.5,0.5
Francisco Conceição,MF,4,126.0,32.0,5ef3d210,31.5,0.5
Emam Ashour,MF,5,362.0,72.0,31b7d437,72.4,0.4000000000000057
Jude Bellingham,MF,8,614.0,77.0,57d88cf9,76.75,0.25
Ardon Jashari,MF,3,72.0,24.0,889588db,24.0,0.0
Bruno Guimarães,MF,5,416.0,83.0,82518f62,83.2,0.20000000000000284
Livano Comenencia,MF,3,233.0,78.0,c9d96dc1,77.66666666666667,0.3333333333333286
Nicolas Seiwald,MF,4,315.0,79.0,28c6e925,78.75,0.25
Edo Kayembe,MF,3,160.0,53.0,f99b71de,53.333333333333336,0.3333333333333357
